timestamp,timestamp_sample,q[0],q[1],q[2],q[3],delta_q_reset[0],delta_q_reset[1],delta_q_reset[2],delta_q_reset[3],quat_reset_counter
1025548456,1025547438,-0.29616064,0.011291821,-0.0098364325,0.9550207,-0.30295298,-3.2596295e-09,-2.3283067e-09,0.95300555,1
1025553617,1025552443,-0.296162,0.011290833,-0.009824376,0.95502055,-0.30295298,-3.2596295e-09,-2.3283067e-09,0.95300555,1
1025598482,1025597570,-0.29616433,0.011285072,-0.009809483,0.95502,-0.30295298,-3.2596295e-09,-2.3283067e-09,0.95300555,1
1025653834,1025652786,-0.29615384,0.011288332,-0.009809427,0.9550232,-0.30295298,-3.2596295e-09,-2.3283067e-09,0.95300555,1
1025703910,1025702972,-0.2961388,0.011301719,-0.009832649,0.95502746,-0.30295298,-3.2596295e-09,-2.3283067e-09,0.95300555,1
1025748920,1025748102,-0.29611906,0.011308425,-0.009822381,0.9550336,-0.30295298,-3.2596295e-09,-2.3283067e-09,0.95300555,1
1025804104,1025803205,-0.2960945,0.01133367,-0.009839731,0.9550408,-0.30295298,-3.2596295e-09,-2.3283067e-09,0.95300555,1
1025854363,1025853431,-0.29607984,0.011345597,-0.009852256,0.95504504,-0.30295298,-3.2596295e-09,-2.3283067e-09,0.95300555,1
1025899419,1025898487,-0.29606465,0.0113721285,-0.009872282,0.9550492,-0.30295298,-3.2596295e-09,-2.3283067e-09,0.95300555,1
1025949576,1025948635,-0.29605407,0.011389158,-0.009894779,0.955052,-0.30295298,-3.2596295e-09,-2.3283067e-09,0.95300555,1
1026004729,1026003833,-0.29605636,0.01140942,-0.00989287,0.9550511,-0.30295298,-3.2596295e-09,-2.3283067e-09,0.95300555,1
1026049829,1026048926,-0.2960489,0.011398585,-0.009899498,0.95505357,-0.30295298,-3.2596295e-09,-2.3283067e-09,0.95300555,1
1026099984,1026099105,-0.29604325,0.011404705,-0.009937812,0.95505476,-0.30295298,-3.2596295e-09,-2.3283067e-09,0.95300555,1
1026155082,1026154310,-0.2960343,0.011426115,-0.009921019,0.95505744,-0.30295298,-3.2596295e-09,-2.3283067e-09,0.95300555,1
1026205177,1026204441,-0.29604128,0.0114453975,-0.00990671,0.9550552,-0.30295298,-3.2596295e-09,-2.3283067e-09,0.95300555,1
1026250333,1026249608,-0.29603222,0.011447254,-0.009924052,0.95505786,-0.30295298,-3.2596295e-09,-2.3283067e-09,0.95300555,1
1026300583,1026299713,-0.29603258,0.011459773,-0.009913437,0.9550577,-0.30295298,-3.2596295e-09,-2.3283067e-09,0.95300555,1
1026355534,1026354827,-0.29603535,0.011467928,-0.009924348,0.9550566,-0.30295298,-3.2596295e-09,-2.3283067e-09,0.95300555,1
1026400823,1026400092,-0.2960344,0.01146062,-0.009926111,0.955057,-0.30295298,-3.2596295e-09,-2.3283067e-09,0.95300555,1
1026450887,1026450147,-0.2960264,0.011473679,-0.009929296,0.9550593,-0.30295298,-3.2596295e-09,-2.3283067e-09,0.95300555,1
1026505940,1026505235,-0.29603258,0.011473035,-0.009927759,0.9550573,-0.30295298,-3.2596295e-09,-2.3283067e-09,0.95300555,1
1026551318,1026550592,-0.29603583,0.0114749065,-0.0099133765,0.9550565,-0.30295298,-3.2596295e-09,-2.3283067e-09,0.95300555,1
1026601359,1026600584,-0.2960385,0.011477273,-0.009918754,0.95505565,-0.30295298,-3.2596295e-09,-2.3283067e-09,0.95300555,1
1026651613,1026650738,-0.29603276,0.011460416,-0.009900191,0.9550578,-0.30295298,-3.2596295e-09,-2.3283067e-09,0.95300555,1
1026701774,1026700888,-0.29602006,0.011492393,-0.009916118,0.9550612,-0.30295298,-3.2596295e-09,-2.3283067e-09,0.95300555,1
1026752112,1026751162,-0.29602098,0.011486549,-0.009911813,0.95506096,-0.30295298,-3.2596295e-09,-2.3283067e-09,0.95300555,1
1026802148,1026801304,-0.2960192,0.01147847,-0.009910077,0.9550616,-0.30295298,-3.2596295e-09,-2.3283067e-09,0.95300555,1
1026852297,1026851499,-0.29601154,0.011494106,-0.009918794,0.9550637,-0.30295298,-3.2596295e-09,-2.3283067e-09,0.95300555,1
1026902822,1026901577,-0.2960103,0.011500236,-0.009914245,0.9550641,-0.30295298,-3.2596295e-09,-2.3283067e-09,0.95300555,1
1026952587,1026951682,-0.296004,0.011499692,-0.009917532,0.955066,-0.30295298,-3.2596295e-09,-2.3283067e-09,0.95300555,1
1027002840,1027001819,-0.2959961,0.011514706,-0.009938153,0.95506805,-0.30295298,-3.2596295e-09,-2.3283067e-09,0.95300555,1
1027053099,1027052037,-0.29599726,0.011523526,-0.009931635,0.9550677,-0.30295298,-3.2596295e-09,-2.3283067e-09,0.95300555,1
1027103041,1027102160,-0.2959905,0.011523652,-0.009956748,0.95506954,-0.30295298,-3.2596295e-09,-2.3283067e-09,0.95300555,1
1027153220,1027152306,-0.29600018,0.011518327,-0.009933808,0.95506674,-0.30295298,-3.2596295e-09,-2.3283067e-09,0.95300555,1
1027203631,1027202426,-0.29599994,0.011542815,-0.009947845,0.9550664,-0.30295298,-3.2596295e-09,-2.3283067e-09,0.95300555,1
1027253635,1027252612,-0.29601374,0.011544075,-0.009952523,0.95506215,-0.30295298,-3.2596295e-09,-2.3283067e-09,0.95300555,1
1027303672,1027302734,-0.2960184,0.011538995,-0.009945943,0.9550608,-0.30295298,-3.2596295e-09,-2.3283067e-09,0.95300555,1
1027348781,1027347929,-0.29602015,0.011552815,-0.00996982,0.9550598,-0.30295298,-3.2596295e-09,-2.3283067e-09,0.95300555,1
1027403881,1027403071,-0.29601267,0.011563938,-0.009982007,0.9550619,-0.30295298,-3.2596295e-09,-2.3283067e-09,0.95300555,1
1027453908,1027453195,-0.29600412,0.011573277,-0.009984645,0.95506436,-0.30295298,-3.2596295e-09,-2.3283067e-09,0.95300555,1
1027499078,1027498345,-0.29599625,0.0115870545,-0.009995887,0.9550665,-0.30295298,-3.2596295e-09,-2.3283067e-09,0.95300555,1
1027554349,1027553573,-0.29598957,0.011604959,-0.009995143,0.95506835,-0.30295298,-3.2596295e-09,-2.3283067e-09,0.95300555,1
1027604402,1027603632,-0.29600093,0.011618602,-0.010006403,0.9550646,-0.30295298,-3.2596295e-09,-2.3283067e-09,0.95300555,1
1027649551,1027648840,-0.2960031,0.0116275605,-0.010015752,0.9550637,-0.30295298,-3.2596295e-09,-2.3283067e-09,0.95300555,1
1027699665,1027698963,-0.2960025,0.011636945,-0.010015893,0.95506376,-0.30295298,-3.2596295e-09,-2.3283067e-09,0.95300555,1
1027754982,1027754227,-0.29600304,0.011646909,-0.010022645,0.9550634,-0.30295298,-3.2596295e-09,-2.3283067e-09,0.95300555,1
1027799895,1027799124,-0.29599822,0.011658227,-0.010029076,0.9550647,-0.30295298,-3.2596295e-09,-2.3283067e-09,0.95300555,1
1027850039,1027849291,-0.29600197,0.011673339,-0.010023539,0.9550634,-0.30295298,-3.2596295e-09,-2.3283067e-09,0.95300555,1
1027905459,1027904580,-0.29599807,0.011689948,-0.010027624,0.95506436,-0.30295298,-3.2596295e-09,-2.3283067e-09,0.95300555,1
1027950753,1027949696,-0.29599944,0.011687199,-0.010024574,0.95506406,-0.30295298,-3.2596295e-09,-2.3283067e-09,0.95300555,1
1028000870,1027999918,-0.29600072,0.011698561,-0.010020769,0.9550635,-0.30295298,-3.2596295e-09,-2.3283067e-09,0.95300555,1
1028050912,1028050072,-0.29599297,0.011715239,-0.010026748,0.95506567,-0.30295298,-3.2596295e-09,-2.3283067e-09,0.95300555,1
1028101165,1028100158,-0.2959879,0.01172037,-0.010022918,0.9550672,-0.30295298,-3.2596295e-09,-2.3283067e-09,0.95300555,1
1028152233,1028150196,-0.29597422,0.011722849,-0.010026448,0.95507133,-0.30295298,-3.2596295e-09,-2.3283067e-09,0.95300555,1
1028201378,1028200333,-0.29595828,0.011727089,-0.010032201,0.9550762,-0.30295298,-3.2596295e-09,-2.3283067e-09,0.95300555,1
1028251561,1028250571,-0.29593852,0.011739099,-0.010051169,0.95508194,-0.30295298,-3.2596295e-09,-2.3283067e-09,0.95300555,1
1028301641,1028300764,-0.29592156,0.011742329,-0.010056359,0.95508724,-0.30295298,-3.2596295e-09,-2.3283067e-09,0.95300555,1
1028351788,1028350873,-0.29590192,0.011751788,-0.010063979,0.955093,-0.30295298,-3.2596295e-09,-2.3283067e-09,0.95300555,1
1028402182,1028401020,-0.29588166,0.011754163,-0.010062612,0.95509934,-0.30295298,-3.2596295e-09,-2.3283067e-09,0.95300555,1
1028452163,1028451125,-0.29584935,0.011765494,-0.010071003,0.95510906,-0.30295298,-3.2596295e-09,-2.3283067e-09,0.95300555,1
1028502321,1028501298,-0.29582933,0.011763947,-0.010081749,0.95511526,-0.30295298,-3.2596295e-09,-2.3283067e-09,0.95300555,1
1028552414,1028551455,-0.2957991,0.0117611615,-0.0100947535,0.9551245,-0.30295298,-3.2596295e-09,-2.3283067e-09,0.95300555,1
1028602487,1028601642,-0.29577082,0.011765896,-0.010099049,0.95513314,-0.30295298,-3.2596295e-09,-2.3283067e-09,0.95300555,1
1028652454,1028651698,-0.29574826,0.011769188,-0.010105234,0.95514,-0.30295298,-3.2596295e-09,-2.3283067e-09,0.95300555,1
1028702710,1028701959,-0.29573104,0.011764796,-0.010104769,0.95514536,-0.30295298,-3.2596295e-09,-2.3283067e-09,0.95300555,1
1028752822,1028752075,-0.29572937,0.011757833,-0.010117398,0.95514584,-0.30295298,-3.2596295e-09,-2.3283067e-09,0.95300555,1
1028802974,1028802157,-0.2957198,0.011778505,-0.010122679,0.95514846,-0.30295298,-3.2596295e-09,-2.3283067e-09,0.95300555,1
1028853181,1028852397,-0.29570603,0.01177399,-0.01012977,0.95515275,-0.30295298,-3.2596295e-09,-2.3283067e-09,0.95300555,1
1028903263,1028902513,-0.29570624,0.01178364,-0.010134327,0.9551526,-0.30295298,-3.2596295e-09,-2.3283067e-09,0.95300555,1
1028953422,1028952638,-0.2957017,0.011782239,-0.010144219,0.9551539,-0.30295298,-3.2596295e-09,-2.3283067e-09,0.95300555,1
1029003462,1029002759,-0.29569423,0.011787235,-0.010152506,0.95515597,-0.30295298,-3.2596295e-09,-2.3283067e-09,0.95300555,1
1029053639,1029052902,-0.29568905,0.01180012,-0.0101515865,0.9551574,-0.30295298,-3.2596295e-09,-2.3283067e-09,0.95300555,1
1029098902,1029098121,-0.29567358,0.011791099,-0.010151991,0.95516235,-0.30295298,-3.2596295e-09,-2.3283067e-09,0.95300555,1
1029154110,1029151384,-0.2956553,0.01178901,-0.010147224,0.95516807,-0.30295298,-3.2596295e-09,-2.3283067e-09,0.95300555,1
1029202612,1029201573,-0.29564247,0.011790644,-0.01013868,0.95517206,-0.30295298,-3.2596295e-09,-2.3283067e-09,0.95300555,1
1029252718,1029251923,-0.29562494,0.0117862625,-0.010149119,0.9551775,-0.30295298,-3.2596295e-09,-2.3283067e-09,0.95300555,1
1029302812,1029301838,-0.29560372,0.011806827,-0.010159411,0.9551837,-0.30295298,-3.2596295e-09,-2.3283067e-09,0.95300555,1
1029352970,1029352199,-0.29558232,0.0118052885,-0.01015722,0.95519036,-0.30295298,-3.2596295e-09,-2.3283067e-09,0.95300555,1
1029403587,1029402216,-0.29556558,0.011822254,-0.010171165,0.9551951,-0.30295298,-3.2596295e-09,-2.3283067e-09,0.95300555,1
1029453359,1029452568,-0.29555055,0.011829485,-0.010183004,0.95519966,-0.30295298,-3.2596295e-09,-2.3283067e-09,0.95300555,1
1029503631,1029502457,-0.29553926,0.011843972,-0.010182388,0.955203,-0.30295298,-3.2596295e-09,-2.3283067e-09,0.95300555,1
1029553668,1029552870,-0.29553536,0.011850041,-0.01020024,0.95520383,-0.30295298,-3.2596295e-09,-2.3283067e-09,0.95300555,1
1029603713,1029602755,-0.29553345,0.011848999,-0.010191833,0.9552046,-0.30295298,-3.2596295e-09,-2.3283067e-09,0.95300555,1
1029653988,1029652974,-0.2955341,0.011867768,-0.010208168,0.95520395,-0.30295298,-3.2596295e-09,-2.3283067e-09,0.95300555,1
1029704008,1029703092,-0.29552978,0.011870992,-0.010206884,0.9552052,-0.30295298,-3.2596295e-09,-2.3283067e-09,0.95300555,1
1029754163,1029753399,-0.29552934,0.011878605,-0.01020713,0.95520526,-0.30295298,-3.2596295e-09,-2.3283067e-09,0.95300555,1
1029799433,1029798372,-0.2955361,0.011884682,-0.010218479,0.955203,-0.30295298,-3.2596295e-09,-2.3283067e-09,0.95300555,1
1029854462,1029853726,-0.29552937,0.011881994,-0.010216078,0.9552052,-0.30295298,-3.2596295e-09,-2.3283067e-09,0.95300555,1
1029904496,1029903716,-0.29554144,0.011882652,-0.010223306,0.9552014,-0.30295298,-3.2596295e-09,-2.3283067e-09,0.95300555,1
1029949551,1029948817,-0.29553553,0.01189314,-0.010239944,0.9552028,-0.30295298,-3.2596295e-09,-2.3283067e-09,0.95300555,1
1030004742,1030003987,-0.2955445,0.01189346,-0.01022918,0.9552002,-0.30295298,-3.2596295e-09,-2.3283067e-09,0.95300555,1
1030054846,1030054127,-0.2955491,0.011898685,-0.0102456715,0.9551985,-0.30295298,-3.2596295e-09,-2.3283067e-09,0.95300555,1
1030100140,1030099325,-0.29554644,0.011898154,-0.010237337,0.9551995,-0.30295298,-3.2596295e-09,-2.3283067e-09,0.95300555,1
1030150190,1030149439,-0.295543,0.011891383,-0.010238244,0.9552006,-0.30295298,-3.2596295e-09,-2.3283067e-09,0.95300555,1
1030205253,1030204542,-0.29554543,0.011885306,-0.010233477,0.95519996,-0.30295298,-3.2596295e-09,-2.3283067e-09,0.95300555,1
1030250490,1030249767,-0.29555333,0.011888988,-0.010229122,0.9551975,-0.30295298,-3.2596295e-09,-2.3283067e-09,0.95300555,1
1030300744,1030299843,-0.29555708,0.011891767,-0.010242298,0.95519626,-0.30295298,-3.2596295e-09,-2.3283067e-09,0.95300555,1
1030355829,1030355067,-0.29556146,0.011891191,-0.010249016,0.95519483,-0.30295298,-3.2596295e-09,-2.3283067e-09,0.95300555,1
1030400885,1030400124,-0.29555276,0.011895171,-0.010245728,0.95519745,-0.30295298,-3.2596295e-09,-2.3283067e-09,0.95300555,1
1030451249,1030450275,-0.29555434,0.011906204,-0.010245559,0.95519686,-0.30295298,-3.2596295e-09,-2.3283067e-09,0.95300555,1
1030501637,1030500560,-0.29555213,0.011906227,-0.01024557,0.9551975,-0.30295298,-3.2596295e-09,-2.3283067e-09,0.95300555,1
1030551567,1030550650,-0.29556212,0.011899566,-0.010250804,0.9551945,-0.30295298,-3.2596295e-09,-2.3283067e-09,0.95300555,1
1030601721,1030600818,-0.29556572,0.011892271,-0.010252193,0.9551934,-0.30295298,-3.2596295e-09,-2.3283067e-09,0.95300555,1
1030652570,1030650891,-0.29557052,0.011899051,-0.010260857,0.95519173,-0.30295298,-3.2596295e-09,-2.3283067e-09,0.95300555,1
1030702007,1030701109,-0.29557097,0.011901719,-0.010249697,0.9551917,-0.30295298,-3.2596295e-09,-2.3283067e-09,0.95300555,1
1030752175,1030751271,-0.2955774,0.011900898,-0.0102597205,0.9551896,-0.30295298,-3.2596295e-09,-2.3283067e-09,0.95300555,1
1030802430,1030801436,-0.29558137,0.011904908,-0.010254914,0.9551884,-0.30295298,-3.2596295e-09,-2.3283067e-09,0.95300555,1
1030852579,1030851493,-0.29558614,0.01191549,-0.010268584,0.9551866,-0.30295298,-3.2596295e-09,-2.3283067e-09,0.95300555,1
1030902545,1030901688,-0.295578,0.011922386,-0.010297974,0.95518875,-0.30295298,-3.2596295e-09,-2.3283067e-09,0.95300555,1
1030952723,1030951857,-0.29558036,0.011916044,-0.010296522,0.95518804,-0.30295298,-3.2596295e-09,-2.3283067e-09,0.95300555,1
1031003003,1031001971,-0.29558033,0.011916078,-0.010284596,0.9551882,-0.30295298,-3.2596295e-09,-2.3283067e-09,0.95300555,1
1031053059,1031052144,-0.2955929,0.01191724,-0.010312591,0.955184,-0.30295298,-3.2596295e-09,-2.3283067e-09,0.95300555,1
1031103159,1031102284,-0.29559568,0.011917177,-0.010315056,0.95518315,-0.30295298,-3.2596295e-09,-2.3283067e-09,0.95300555,1
1031153561,1031152425,-0.29558787,0.011917435,-0.010302682,0.95518565,-0.30295298,-3.2596295e-09,-2.3283067e-09,0.95300555,1
1031203304,1031202577,-0.2955804,0.011930574,-0.010306641,0.9551878,-0.30295298,-3.2596295e-09,-2.3283067e-09,0.95300555,1
1031253501,1031252731,-0.29555762,0.011933328,-0.01032858,0.95519453,-0.30295298,-3.2596295e-09,-2.3283067e-09,0.95300555,1
1031303640,1031302933,-0.2955529,0.011928657,-0.0102993185,0.95519644,-0.30295298,-3.2596295e-09,-2.3283067e-09,0.95300555,1
1031353754,1031353046,-0.29553103,0.011925757,-0.01033046,0.9552029,-0.30295298,-3.2596295e-09,-2.3283067e-09,0.95300555,1
1031404026,1031403227,-0.29550043,0.011929272,-0.010321304,0.95521235,-0.30295298,-3.2596295e-09,-2.3283067e-09,0.95300555,1
1031454180,1031453420,-0.29547864,0.011938408,-0.01031629,0.95521903,-0.30295298,-3.2596295e-09,-2.3283067e-09,0.95300555,1
1031504192,1031503481,-0.29546213,0.011940398,-0.010329674,0.95522404,-0.30295298,-3.2596295e-09,-2.3283067e-09,0.95300555,1
1031549347,1031548612,-0.29544526,0.011949269,-0.010327897,0.9552291,-0.30295298,-3.2596295e-09,-2.3283067e-09,0.95300555,1
1031604522,1031603797,-0.29543456,0.011932654,-0.010328435,0.9552327,-0.30295298,-3.2596295e-09,-2.3283067e-09,0.95300555,1
1031654510,1031653802,-0.29542124,0.01193541,-0.010324807,0.9552368,-0.30295298,-3.2596295e-09,-2.3283067e-09,0.95300555,1
1031700167,1031699069,-0.29540676,0.011945045,-0.0103363935,0.95524096,-0.30295298,-3.2596295e-09,-2.3283067e-09,0.95300555,1
1031755177,1031754271,-0.29539996,0.011944285,-0.010342264,0.95524305,-0.30295298,-3.2596295e-09,-2.3283067e-09,0.95300555,1
1031805358,1031804441,-0.2954,0.011950714,-0.010345536,0.95524293,-0.30295298,-3.2596295e-09,-2.3283067e-09,0.95300555,1
1031850437,1031849610,-0.29539472,0.01196338,-0.010362342,0.9552443,-0.30295298,-3.2596295e-09,-2.3283067e-09,0.95300555,1
1031900633,1031899767,-0.29539326,0.011979991,-0.010374996,0.9552443,-0.30295298,-3.2596295e-09,-2.3283067e-09,0.95300555,1
1031955834,1031954911,-0.29537606,0.011971398,-0.010373118,0.95524985,-0.30295298,-3.2596295e-09,-2.3283067e-09,0.95300555,1
1032001027,1032000139,-0.29535887,0.011971399,-0.010388487,0.955255,-0.30295298,-3.2596295e-09,-2.3283067e-09,0.95300555,1
1032051149,1032050261,-0.2953465,0.011989181,-0.010391293,0.9552585,-0.30295298,-3.2596295e-09,-2.3283067e-09,0.95300555,1
1032101374,1032100298,-0.29533395,0.0120042255,-0.010391877,0.9552622,-0.30295298,-3.2596295e-09,-2.3283067e-09,0.95300555,1
1032151354,1032150473,-0.29532275,0.012003785,-0.010391712,0.9552656,-0.30295298,-3.2596295e-09,-2.3283067e-09,0.95300555,1
1032201736,1032200596,-0.29531294,0.012001812,-0.010393005,0.95526874,-0.30295298,-3.2596295e-09,-2.3283067e-09,0.95300555,1
1032251728,1032250729,-0.29529613,0.011999739,-0.010393349,0.9552739,-0.30295298,-3.2596295e-09,-2.3283067e-09,0.95300555,1
1032301908,1032300972,-0.2952816,0.011995942,-0.010395838,0.9552784,-0.30295298,-3.2596295e-09,-2.3283067e-09,0.95300555,1
1032352133,1032351164,-0.2952788,0.011990595,-0.010399352,0.95527935,-0.30295298,-3.2596295e-09,-2.3283067e-09,0.95300555,1
1032402181,1032401223,-0.29526642,0.011993705,-0.010401017,0.9552831,-0.30295298,-3.2596295e-09,-2.3283067e-09,0.95300555,1
1032452127,1032451405,-0.2952565,0.011997928,-0.010404466,0.9552861,-0.30295298,-3.2596295e-09,-2.3283067e-09,0.95300555,1
1032502304,1032501567,-0.29525444,0.011995016,-0.010409453,0.95528674,-0.30295298,-3.2596295e-09,-2.3283067e-09,0.95300555,1
1032552511,1032551694,-0.29524434,0.011993674,-0.010428472,0.95528966,-0.30295298,-3.2596295e-09,-2.3283067e-09,0.95300555,1
1032602577,1032601833,-0.2952443,0.011996164,-0.010435885,0.9552895,-0.30295298,-3.2596295e-09,-2.3283067e-09,0.95300555,1
1032652636,1032651901,-0.29524028,0.011991996,-0.010443133,0.95529073,-0.30295298,-3.2596295e-09,-2.3283067e-09,0.95300555,1
1032703014,1032702216,-0.2952332,0.011994575,-0.01044256,0.95529294,-0.30295298,-3.2596295e-09,-2.3283067e-09,0.95300555,1
1032752937,1032752226,-0.2952301,0.011988933,-0.010433201,0.955294,-0.30295298,-3.2596295e-09,-2.3283067e-09,0.95300555,1
1032803158,1032802407,-0.29522592,0.011996654,-0.01042555,0.9552953,-0.30295298,-3.2596295e-09,-2.3283067e-09,0.95300555,1
1032853562,1032852687,-0.29523268,0.012000283,-0.010422089,0.9552932,-0.30295298,-3.2596295e-09,-2.3283067e-09,0.95300555,1
1032903484,1032902758,-0.2952326,0.012006532,-0.010428676,0.9552931,-0.30295298,-3.2596295e-09,-2.3283067e-09,0.95300555,1
1032948950,1032947950,-0.29523313,0.012006199,-0.010426124,0.95529294,-0.30295298,-3.2596295e-09,-2.3283067e-09,0.95300555,1
1033003974,1033003174,-0.29522702,0.012008893,-0.010427518,0.9552948,-0.30295298,-3.2596295e-09,-2.3283067e-09,0.95300555,1
1033054018,1033053182,-0.29522398,0.012022968,-0.010438213,0.9552954,-0.30295298,-3.2596295e-09,-2.3283067e-09,0.95300555,1
1033099301,1033098381,-0.29521012,0.01203015,-0.010442115,0.9552996,-0.30295298,-3.2596295e-09,-2.3283067e-09,0.95300555,1
1033154570,1033153556,-0.29520732,0.012031451,-0.010444027,0.9553004,-0.30295298,-3.2596295e-09,-2.3283067e-09,0.95300555,1
1033204519,1033203658,-0.2951913,0.012028536,-0.0104420595,0.95530546,-0.30295298,-3.2596295e-09,-2.3283067e-09,0.95300555,1
1033249903,1033248888,-0.29518092,0.01202067,-0.010441115,0.9553088,-0.30295298,-3.2596295e-09,-2.3283067e-09,0.95300555,1
1033299860,1033299006,-0.295176,0.012026574,-0.010435451,0.9553102,-0.30295298,-3.2596295e-09,-2.3283067e-09,0.95300555,1
1033355004,1033354150,-0.29517135,0.012025311,-0.010436713,0.95531166,-0.30295298,-3.2596295e-09,-2.3283067e-09,0.95300555,1
1033400187,1033399271,-0.2951613,0.0120363375,-0.010442394,0.9553146,-0.30295298,-3.2596295e-09,-2.3283067e-09,0.95300555,1
1033450453,1033449425,-0.29515758,0.0120292585,-0.010449243,0.95531577,-0.30295298,-3.2596295e-09,-2.3283067e-09,0.95300555,1
1033505533,1033504561,-0.29516432,0.012026112,-0.010446684,0.9553137,-0.30295298,-3.2596295e-09,-2.3283067e-09,0.95300555,1
1033550617,1033549727,-0.2951557,0.012025061,-0.010444723,0.9553164,-0.30295298,-3.2596295e-09,-2.3283067e-09,0.95300555,1
1033600896,1033599830,-0.29515854,0.01201869,-0.010450563,0.9553156,-0.30295298,-3.2596295e-09,-2.3283067e-09,0.95300555,1
1033651113,1033650070,-0.29516023,0.012029616,-0.010435995,0.95531505,-0.30295298,-3.2596295e-09,-2.3283067e-09,0.95300555,1
1033701023,1033700205,-0.29514918,0.01203948,-0.010439088,0.95531833,-0.30295298,-3.2596295e-09,-2.3283067e-09,0.95300555,1
1033751141,1033750338,-0.29513958,0.012042558,-0.010439474,0.95532125,-0.30295298,-3.2596295e-09,-2.3283067e-09,0.95300555,1
1033801350,1033800535,-0.2951494,0.012039358,-0.010437573,0.9553183,-0.30295298,-3.2596295e-09,-2.3283067e-09,0.95300555,1
1033856282,1033855572,-0.29513896,0.012047774,-0.010438322,0.9553214,-0.30295298,-3.2596295e-09,-2.3283067e-09,0.95300555,1
1033901596,1033900743,-0.29513732,0.01205563,-0.010455553,0.9553216,-0.30295298,-3.2596295e-09,-2.3283067e-09,0.95300555,1
1033951710,1033950942,-0.29512948,0.012038639,-0.010450466,0.9553243,-0.30295298,-3.2596295e-09,-2.3283067e-09,0.95300555,1
1034001827,1034001109,-0.295107,0.012026507,-0.010454585,0.9553314,-0.30295298,-3.2596295e-09,-2.3283067e-09,0.95300555,1
1034052022,1034051236,-0.29509437,0.01202895,-0.010459026,0.95533514,-0.30295298,-3.2596295e-09,-2.3283067e-09,0.95300555,1
1034102233,1034101416,-0.2950881,0.012029495,-0.010455963,0.95533717,-0.30295298,-3.2596295e-09,-2.3283067e-09,0.95300555,1
1034152245,1034151531,-0.29509073,0.012029198,-0.010450478,0.95533645,-0.30295298,-3.2596295e-09,-2.3283067e-09,0.95300555,1
1034202574,1034201690,-0.29508582,0.0120200515,-0.010450036,0.95533806,-0.30295298,-3.2596295e-09,-2.3283067e-09,0.95300555,1
1034252839,1034251938,-0.29508224,0.012026238,-0.010453723,0.955339,-0.30295298,-3.2596295e-09,-2.3283067e-09,0.95300555,1
1034303083,1034301972,-0.2950647,0.012032194,-0.010459363,0.95534426,-0.30295298,-3.2596295e-09,-2.3283067e-09,0.95300555,1
1034353062,1034352172,-0.29505786,0.012022473,-0.010441576,0.95534676,-0.30295298,-3.2596295e-09,-2.3283067e-09,0.95300555,1
1034403309,1034402436,-0.29504701,0.01201663,-0.010453509,0.95535,-0.30295298,-3.2596295e-09,-2.3283067e-09,0.95300555,1
1034453492,1034452491,-0.295043,0.012022214,-0.010467832,0.955351,-0.30295298,-3.2596295e-09,-2.3283067e-09,0.95300555,1
1034503477,1034502653,-0.2950293,0.012010236,-0.01046747,0.9553554,-0.30295298,-3.2596295e-09,-2.3283067e-09,0.95300555,1
1034553687,1034552705,-0.29500303,0.01202352,-0.0104666315,0.95536333,-0.30295298,-3.2596295e-09,-2.3283067e-09,0.95300555,1
1034603810,1034602906,-0.2950025,0.012022529,-0.010474186,0.95536345,-0.30295298,-3.2596295e-09,-2.3283067e-09,0.95300555,1
1034654021,1034653109,-0.29499152,0.012025786,-0.010481507,0.9553668,-0.30295298,-3.2596295e-09,-2.3283067e-09,0.95300555,1
1034699262,1034698197,-0.29497766,0.0120366635,-0.010481088,0.95537084,-0.30295298,-3.2596295e-09,-2.3283067e-09,0.95300555,1
1034754293,1034753440,-0.2949682,0.012022352,-0.010489247,0.9553739,-0.30295298,-3.2596295e-09,-2.3283067e-09,0.95300555,1
1034804377,1034803507,-0.2949536,0.012013609,-0.010493283,0.9553784,-0.30295298,-3.2596295e-09,-2.3283067e-09,0.95300555,1
1034849591,1034848688,-0.29494062,0.0120223295,-0.010492495,0.95538235,-0.30295298,-3.2596295e-09,-2.3283067e-09,0.95300555,1
1034904716,1034903792,-0.29492268,0.012023709,-0.010494847,0.95538783,-0.30295298,-3.2596295e-09,-2.3283067e-09,0.95300555,1
1034954731,1034954013,-0.2949033,0.012021377,-0.0104875,0.95539397,-0.30295298,-3.2596295e-09,-2.3283067e-09,0.95300555,1
1035000058,1034999204,-0.2948909,0.012021308,-0.010490059,0.9553977,-0.30295298,-3.2596295e-09,-2.3283067e-09,0.95300555,1
1035049978,1035049166,-0.2948745,0.0120262625,-0.010489769,0.9554028,-0.30295298,-3.2596295e-09,-2.3283067e-09,0.95300555,1
1035105156,1035104415,-0.29485777,0.01202845,-0.010491532,0.9554078,-0.30295298,-3.2596295e-09,-2.3283067e-09,0.95300555,1
1035150200,1035149411,-0.29484206,0.012036402,-0.010482011,0.95541275,-0.30295298,-3.2596295e-09,-2.3283067e-09,0.95300555,1
1035200408,1035199597,-0.29482585,0.012028552,-0.010480336,0.9554178,-0.30295298,-3.2596295e-09,-2.3283067e-09,0.95300555,1
1035255551,1035254828,-0.2948009,0.012034647,-0.010491721,0.9554254,-0.30295298,-3.2596295e-09,-2.3283067e-09,0.95300555,1
1035300953,1035300100,-0.2947935,0.012040132,-0.010488628,0.95542765,-0.30295298,-3.2596295e-09,-2.3283067e-09,0.95300555,1
1035351082,1035350290,-0.29479504,0.012038407,-0.010494284,0.95542705,-0.30295298,-3.2596295e-09,-2.3283067e-09,0.95300555,1
1035401133,1035400402,-0.29480496,0.012044132,-0.010501108,0.9554239,-0.30295298,-3.2596295e-09,-2.3283067e-09,0.95300555,1
1035451441,1035450552,-0.2948084,0.012050107,-0.010502442,0.95542276,-0.30295298,-3.2596295e-09,-2.3283067e-09,0.95300555,1
1035501639,1035500793,-0.29480526,0.012055549,-0.010513917,0.95542353,-0.30295298,-3.2596295e-09,-2.3283067e-09,0.95300555,1
1035551799,1035550807,-0.29480338,0.012065802,-0.010514737,0.9554239,-0.30295298,-3.2596295e-09,-2.3283067e-09,0.95300555,1
1035601943,1035601006,-0.29478863,0.012071242,-0.0105069475,0.9554285,-0.30295298,-3.2596295e-09,-2.3283067e-09,0.95300555,1
1035651914,1035651104,-0.29477337,0.012076066,-0.010496412,0.9554332,-0.30295298,-3.2596295e-09,-2.3283067e-09,0.95300555,1
1035702270,1035701242,-0.2947667,0.012084356,-0.0105017405,0.95543516,-0.30295298,-3.2596295e-09,-2.3283067e-09,0.95300555,1
1035752379,1035751471,-0.29476616,0.012083851,-0.010493722,0.95543534,-0.30295298,-3.2596295e-09,-2.3283067e-09,0.95300555,1
1035802591,1035801604,-0.2947509,0.012095293,-0.010502693,0.9554398,-0.30295298,-3.2596295e-09,-2.3283067e-09,0.95300555,1
1035852613,1035851740,-0.29474273,0.01210318,-0.0104939975,0.9554424,-0.30295298,-3.2596295e-09,-2.3283067e-09,0.95300555,1
1035902766,1035901839,-0.2947382,0.012109466,-0.010491786,0.9554438,-0.30295298,-3.2596295e-09,-2.3283067e-09,0.95300555,1
1035953038,1035952058,-0.29473203,0.012116246,-0.010485777,0.95544565,-0.30295298,-3.2596295e-09,-2.3283067e-09,0.95300555,1
1036003054,1036002183,-0.29472566,0.012128526,-0.010471263,0.9554476,-0.30295298,-3.2596295e-09,-2.3283067e-09,0.95300555,1
1036053141,1036052305,-0.29471716,0.012128718,-0.010479951,0.9554501,-0.30295298,-3.2596295e-09,-2.3283067e-09,0.95300555,1
1036098302,1036097402,-0.2947088,0.012135294,-0.01048348,0.9554525,-0.30295298,-3.2596295e-09,-2.3283067e-09,0.95300555,1
1036153586,1036152606,-0.2946993,0.01213416,-0.010476216,0.9554556,-0.30295298,-3.2596295e-09,-2.3283067e-09,0.95300555,1
1036203619,1036202843,-0.29468977,0.0121458545,-0.010500667,0.95545816,-0.30295298,-3.2596295e-09,-2.3283067e-09,0.95300555,1
1036253731,1036252938,-0.2946791,0.012159554,-0.010504746,0.95546126,-0.30295298,-3.2596295e-09,-2.3283067e-09,0.95300555,1
1036303862,1036303082,-0.29467237,0.012157803,-0.0104986895,0.95546335,-0.30295298,-3.2596295e-09,-2.3283067e-09,0.95300555,1
1036353897,1036353193,-0.29466602,0.0121514,-0.010509669,0.95546526,-0.30295298,-3.2596295e-09,-2.3283067e-09,0.95300555,1
1036404006,1036403275,-0.29467097,0.012152612,-0.010494811,0.95546395,-0.30295298,-3.2596295e-09,-2.3283067e-09,0.95300555,1
1036449185,1036448460,-0.29467183,0.01215793,-0.010501907,0.9554634,-0.30295298,-3.2596295e-09,-2.3283067e-09,0.95300555,1
1036504470,1036503741,-0.2946672,0.012163541,-0.0105073415,0.9554647,-0.30295298,-3.2596295e-09,-2.3283067e-09,0.95300555,1
1036554580,1036553868,-0.2946706,0.012169225,-0.010516476,0.9554636,-0.30295298,-3.2596295e-09,-2.3283067e-09,0.95300555,1
1036599674,1036598957,-0.294668,0.012170195,-0.010518952,0.95546436,-0.30295298,-3.2596295e-09,-2.3283067e-09,0.95300555,1
1036654958,1036654219,-0.29466602,0.012185746,-0.010530717,0.95546454,-0.30295298,-3.2596295e-09,-2.3283067e-09,0.95300555,1
1036705177,1036704269,-0.294675,0.0121928165,-0.010523179,0.9554618,-0.30295298,-3.2596295e-09,-2.3283067e-09,0.95300555,1
1036750380,1036749389,-0.2946774,0.012197132,-0.010529021,0.955461,-0.30295298,-3.2596295e-09,-2.3283067e-09,0.95300555,1
1036800483,1036799666,-0.29468265,0.0121941995,-0.010533436,0.95545936,-0.30295298,-3.2596295e-09,-2.3283067e-09,0.95300555,1
1036855687,1036854778,-0.29468074,0.012194785,-0.010537529,0.95545995,-0.30295298,-3.2596295e-09,-2.3283067e-09,0.95300555,1
1036900800,1036899862,-0.29467258,0.012200165,-0.010537395,0.95546234,-0.30295298,-3.2596295e-09,-2.3283067e-09,0.95300555,1
1036951469,1036950092,-0.29467195,0.0122006,-0.010533313,0.9554625,-0.30295298,-3.2596295e-09,-2.3283067e-09,0.95300555,1
1037006143,1037005237,-0.29465023,0.012206184,-0.010551637,0.9554691,-0.30295298,-3.2596295e-09,-2.3283067e-09,0.95300555,1
1037051382,1037050306,-0.29463777,0.01221337,-0.010556161,0.95547265,-0.30295298,-3.2596295e-09,-2.3283067e-09,0.95300555,1
1037101403,1037100520,-0.29461905,0.012218074,-0.010562225,0.95547837,-0.30295298,-3.2596295e-09,-2.3283067e-09,0.95300555,1
1037151579,1037150671,-0.29460427,0.012218001,-0.010561252,0.9554829,-0.30295298,-3.2596295e-09,-2.3283067e-09,0.95300555,1
1037201757,1037200837,-0.29458806,0.012209023,-0.0105695715,0.95548797,-0.30295298,-3.2596295e-09,-2.3283067e-09,0.95300555,1
1037251808,1037250953,-0.29457158,0.012212872,-0.010574167,0.95549285,-0.30295298,-3.2596295e-09,-2.3283067e-09,0.95300555,1
1037301966,1037301055,-0.2945464,0.012211437,-0.010584013,0.95550054,-0.30295298,-3.2596295e-09,-2.3283067e-09,0.95300555,1
1037352121,1037351283,-0.2945329,0.012212057,-0.010578531,0.95550483,-0.30295298,-3.2596295e-09,-2.3283067e-09,0.95300555,1
1037402428,1037401453,-0.29452175,0.012213363,-0.010582235,0.9555082,-0.30295298,-3.2596295e-09,-2.3283067e-09,0.95300555,1
1037452328,1037451545,-0.29451084,0.01222002,-0.010579273,0.95551145,-0.30295298,-3.2596295e-09,-2.3283067e-09,0.95300555,1
1037502524,1037501722,-0.29449147,0.012216509,-0.010578438,0.95551753,-0.30295298,-3.2596295e-09,-2.3283067e-09,0.95300555,1
1037552563,1037551839,-0.29449016,0.012212204,-0.010575235,0.95551807,-0.30295298,-3.2596295e-09,-2.3283067e-09,0.95300555,1
1037602897,1037602005,-0.2944755,0.012210535,-0.010584462,0.95552236,-0.30295298,-3.2596295e-09,-2.3283067e-09,0.95300555,1
1037652946,1037652205,-0.29447445,0.01221456,-0.010579731,0.9555228,-0.30295298,-3.2596295e-09,-2.3283067e-09,0.95300555,1
1037703048,1037702315,-0.29446593,0.012226876,-0.010587294,0.9555251,-0.30295298,-3.2596295e-09,-2.3283067e-09,0.95300555,1
1037753328,1037752488,-0.29445508,0.0122335395,-0.010583498,0.9555285,-0.30295298,-3.2596295e-09,-2.3283067e-09,0.95300555,1
1037803429,1037802664,-0.29446015,0.01222876,-0.0105912015,0.9555268,-0.30295298,-3.2596295e-09,-2.3283067e-09,0.95300555,1
1037848391,1037847663,-0.2944589,0.012247019,-0.010597261,0.9555269,-0.30295298,-3.2596295e-09,-2.3283067e-09,0.95300555,1
1037903599,1037902851,-0.2944621,0.012249842,-0.01059398,0.95552593,-0.30295298,-3.2596295e-09,-2.3283067e-09,0.95300555,1
1037953974,1037953114,-0.294466,0.012247346,-0.01060031,0.9555247,-0.30295298,-3.2596295e-09,-2.3283067e-09,0.95300555,1
1037999254,1037998301,-0.2944618,0.012248781,-0.0106025925,0.955526,-0.30295298,-3.2596295e-09,-2.3283067e-09,0.95300555,1
1038054394,1038053457,-0.2944546,0.012263161,-0.010603723,0.95552796,-0.30295298,-3.2596295e-09,-2.3283067e-09,0.95300555,1
1038104309,1038103487,-0.29445013,0.012265965,-0.010604372,0.95552933,-0.30295298,-3.2596295e-09,-2.3283067e-09,0.95300555,1
1038149563,1038148703,-0.29444093,0.012272389,-0.010600998,0.95553213,-0.30295298,-3.2596295e-09,-2.3283067e-09,0.95300555,1
1038199970,1038198784,-0.29443207,0.012272599,-0.010603272,0.9555348,-0.30295298,-3.2596295e-09,-2.3283067e-09,0.95300555,1
1038254888,1038253983,-0.29442358,0.012288907,-0.010609021,0.95553714,-0.30295298,-3.2596295e-09,-2.3283067e-09,0.95300555,1
1038300128,1038299142,-0.29441467,0.012288521,-0.0106053995,0.95554,-0.30295298,-3.2596295e-09,-2.3283067e-09,0.95300555,1
1038350160,1038349240,-0.29439285,0.012293917,-0.010608722,0.9555466,-0.30295298,-3.2596295e-09,-2.3283067e-09,0.95300555,1
1038405289,1038404455,-0.29436296,0.012300742,-0.010616778,0.9555556,-0.30295298,-3.2596295e-09,-2.3283067e-09,0.95300555,1
1038450478,1038449574,-0.29433352,0.01229986,-0.0106167225,0.9555646,-0.30295298,-3.2596295e-09,-2.3283067e-09,0.95300555,1
1038500613,1038499707,-0.29430816,0.012306367,-0.010624554,0.95557237,-0.30295298,-3.2596295e-09,-2.3283067e-09,0.95300555,1
1038550898,1038549932,-0.29428837,0.01230414,-0.010626807,0.9555784,-0.30295298,-3.2596295e-09,-2.3283067e-09,0.95300555,1
1038601117,1038600076,-0.2942667,0.012304271,-0.010626293,0.95558506,-0.30295298,-3.2596295e-09,-2.3283067e-09,0.95300555,1
1038651117,1038650207,-0.2942419,0.012310518,-0.010624329,0.95559263,-0.30295298,-3.2596295e-09,-2.3283067e-09,0.95300555,1
1038701010,1038700264,-0.29422957,0.012311336,-0.0106270425,0.9555965,-0.30295298,-3.2596295e-09,-2.3283067e-09,0.95300555,1
1038756218,1038755510,-0.29420564,0.012307703,-0.010627,0.9556039,-0.30295298,-3.2596295e-09,-2.3283067e-09,0.95300555,1
1038801468,1038800728,-0.29419163,0.0123121785,-0.010638044,0.955608,-0.30295298,-3.2596295e-09,-2.3283067e-09,0.95300555,1
1038851531,1038850760,-0.29418194,0.012312227,-0.010638018,0.95561093,-0.30295298,-3.2596295e-09,-2.3283067e-09,0.95300555,1
1038901761,1038901003,-0.29416108,0.012322946,-0.010643885,0.9556172,-0.30295298,-3.2596295e-09,-2.3283067e-09,0.95300555,1
1038951932,1038951118,-0.2941548,0.012325335,-0.010650475,0.955619,-0.30295298,-3.2596295e-09,-2.3283067e-09,0.95300555,1
1039002121,1039001325,-0.29415342,0.0123193385,-0.0106421225,0.95561963,-0.30295298,-3.2596295e-09,-2.3283067e-09,0.95300555,1
1039052180,1039051437,-0.29415357,0.0123134395,-0.010637737,0.9556197,-0.30295298,-3.2596295e-09,-2.3283067e-09,0.95300555,1
1039102244,1039101521,-0.29416832,0.012309066,-0.010649793,0.9556151,-0.30295298,-3.2596295e-09,-2.3283067e-09,0.95300555,1
1039152368,1039151652,-0.2941801,0.012304396,-0.01064652,0.9556115,-0.30295298,-3.2596295e-09,-2.3283067e-09,0.95300555,1
1039202758,1039201847,-0.29418337,0.012308296,-0.010649534,0.9556105,-0.30295298,-3.2596295e-09,-2.3283067e-09,0.95300555,1
1039252850,1039251963,-0.29419556,0.01230805,-0.010645884,0.9556067,-0.30295298,-3.2596295e-09,-2.3283067e-09,0.95300555,1
1039303206,1039302191,-0.2941884,0.012311644,-0.010653241,0.95560884,-0.30295298,-3.2596295e-09,-2.3283067e-09,0.95300555,1
1039353489,1039352378,-0.29420224,0.012317267,-0.010641456,0.9556046,-0.30295298,-3.2596295e-09,-2.3283067e-09,0.95300555,1
1039403406,1039402531,-0.29420644,0.012301965,-0.010638718,0.95560354,-0.30295298,-3.2596295e-09,-2.3283067e-09,0.95300555,1
1039453762,1039452694,-0.2941924,0.012309601,-0.010639295,0.95560783,-0.30295298,-3.2596295e-09,-2.3283067e-09,0.95300555,1
1039503580,1039502739,-0.29418153,0.012302662,-0.010646305,0.95561105,-0.30295298,-3.2596295e-09,-2.3283067e-09,0.95300555,1
1039553734,1039552900,-0.29417092,0.012294383,-0.0106417565,0.9556145,-0.30295298,-3.2596295e-09,-2.3283067e-09,0.95300555,1
1039599163,1039598067,-0.2941523,0.012290362,-0.010640369,0.95562035,-0.30295298,-3.2596295e-09,-2.3283067e-09,0.95300555,1
1039654256,1039653300,-0.29412293,0.012295022,-0.010638262,0.9556294,-0.30295298,-3.2596295e-09,-2.3283067e-09,0.95300555,1
1039704406,1039703478,-0.2941137,0.012294403,-0.010627979,0.9556323,-0.30295298,-3.2596295e-09,-2.3283067e-09,0.95300555,1
1039749473,1039748762,-0.29410478,0.012302885,-0.01062811,0.95563495,-0.30295298,-3.2596295e-09,-2.3283067e-09,0.95300555,1
1039804626,1039803701,-0.29409215,0.0122854365,-0.010630624,0.955639,-0.30295298,-3.2596295e-09,-2.3283067e-09,0.95300555,1
1039854868,1039853842,-0.29407233,0.012274924,-0.01062489,0.9556453,-0.30295298,-3.2596295e-09,-2.3283067e-09,0.95300555,1
1039899965,1039899059,-0.29406762,0.012265716,-0.01061864,0.95564693,-0.30295298,-3.2596295e-09,-2.3283067e-09,0.95300555,1
1039949995,1039949196,-0.29404917,0.012269816,-0.010601739,0.9556527,-0.30295298,-3.2596295e-09,-2.3283067e-09,0.95300555,1
1040005013,1040004271,-0.29403487,0.012254017,-0.010597655,0.95565736,-0.30295298,-3.2596295e-09,-2.3283067e-09,0.95300555,1
1040050283,1040049472,-0.29402274,0.012253975,-0.010589194,0.95566124,-0.30295298,-3.2596295e-09,-2.3283067e-09,0.95300555,1
1040100366,1040099564,-0.29402354,0.012252336,-0.010588596,0.95566106,-0.30295298,-3.2596295e-09,-2.3283067e-09,0.95300555,1
1040155471,1040154628,-0.2939968,0.012253884,-0.010583574,0.9556693,-0.30295298,-3.2596295e-09,-2.3283067e-09,0.95300555,1
1040200637,1040199855,-0.29398662,0.012269188,-0.010584008,0.9556722,-0.30295298,-3.2596295e-09,-2.3283067e-09,0.95300555,1
1040250845,1040250104,-0.293977,0.012280809,-0.010593971,0.9556749,-0.30295298,-3.2596295e-09,-2.3283067e-09,0.95300555,1
1040301122,1040300278,-0.2939657,0.0122756045,-0.0105951475,0.95567846,-0.30295298,-3.2596295e-09,-2.3283067e-09,0.95300555,1
1040351083,1040350316,-0.29394856,0.0122681605,-0.010583887,0.955684,-0.30295298,-3.2596295e-09,-2.3283067e-09,0.95300555,1
1040401170,1040400449,-0.29395553,0.012268643,-0.010578086,0.95568186,-0.30295298,-3.2596295e-09,-2.3283067e-09,0.95300555,1
1040451609,1040450721,-0.29395956,0.0122620445,-0.010581719,0.95568067,-0.30295298,-3.2596295e-09,-2.3283067e-09,0.95300555,1
1040501674,1040500846,-0.2939555,0.012263174,-0.010581519,0.9556819,-0.30295298,-3.2596295e-09,-2.3283067e-09,0.95300555,1
1040551890,1040550987,-0.29394776,0.012260759,-0.0105832135,0.9556843,-0.30295298,-3.2596295e-09,-2.3283067e-09,0.95300555,1
1040602097,1040601117,-0.29394984,0.012263233,-0.010580926,0.95568365,-0.30295298,-3.2596295e-09,-2.3283067e-09,0.95300555,1
1040652194,1040651242,-0.29394284,0.012256705,-0.010579651,0.9556859,-0.30295298,-3.2596295e-09,-2.3283067e-09,0.95300555,1
1040702630,1040701421,-0.29394832,0.012255606,-0.010583847,0.9556842,-0.30295298,-3.2596295e-09,-2.3283067e-09,0.95300555,1
1040752501,1040751612,-0.29394653,0.012262283,-0.010585972,0.9556846,-0.30295298,-3.2596295e-09,-2.3283067e-09,0.95300555,1
1040802743,1040801773,-0.29394084,0.01225539,-0.01060226,0.9556863,-0.30295298,-3.2596295e-09,-2.3283067e-09,0.95300555,1
1040852844,1040851922,-0.2939432,0.012260463,-0.010603726,0.9556855,-0.30295298,-3.2596295e-09,-2.3283067e-09,0.95300555,1
1040903081,1040902089,-0.29394898,0.01226092,-0.01059344,0.95568377,-0.30295298,-3.2596295e-09,-2.3283067e-09,0.95300555,1
1040953596,1040952142,-0.29394257,0.012265892,-0.01060524,0.95568556,-0.30295298,-3.2596295e-09,-2.3283067e-09,0.95300555,1
1040998308,1040997383,-0.29393622,0.012274562,-0.0106106,0.9556873,-0.30295298,-3.2596295e-09,-2.3283067e-09,0.95300555,1
1041053498,1041052503,-0.29394212,0.012278034,-0.010614606,0.95568544,-0.30295298,-3.2596295e-09,-2.3283067e-09,0.95300555,1
1041103648,1041102669,-0.29394108,0.012281799,-0.010627999,0.9556856,-0.30295298,-3.2596295e-09,-2.3283067e-09,0.95300555,1
1041153897,1041152801,-0.29394275,0.012277551,-0.010630039,0.9556851,-0.30295298,-3.2596295e-09,-2.3283067e-09,0.95300555,1
1041203833,1041202970,-0.29393557,0.012274109,-0.0106373755,0.9556873,-0.30295298,-3.2596295e-09,-2.3283067e-09,0.95300555,1
1041253903,1041253151,-0.29393214,0.012278196,-0.010644142,0.95568824,-0.30295298,-3.2596295e-09,-2.3283067e-09,0.95300555,1
1041303966,1041303226,-0.29393834,0.012279573,-0.010654631,0.9556861,-0.30295298,-3.2596295e-09,-2.3283067e-09,0.95300555,1
1041348955,1041348218,-0.29393503,0.0122793745,-0.010654542,0.9556872,-0.30295298,-3.2596295e-09,-2.3283067e-09,0.95300555,1
1041404235,1041403507,-0.29394957,0.012268739,-0.010661651,0.95568275,-0.30295298,-3.2596295e-09,-2.3283067e-09,0.95300555,1
1041454345,1041453607,-0.2939498,0.012280017,-0.010653217,0.9556826,-0.30295298,-3.2596295e-09,-2.3283067e-09,0.95300555,1
1041499642,1041498887,-0.29395,0.012275935,-0.010668403,0.95568246,-0.30295298,-3.2596295e-09,-2.3283067e-09,0.95300555,1
1041554714,1041553897,-0.29394084,0.012284132,-0.010676356,0.95568514,-0.30295298,-3.2596295e-09,-2.3283067e-09,0.95300555,1
1041604783,1041604070,-0.29393438,0.012279991,-0.010688386,0.9556869,-0.30295298,-3.2596295e-09,-2.3283067e-09,0.95300555,1
1041649961,1041649230,-0.29392564,0.012283714,-0.01069087,0.95568955,-0.30295298,-3.2596295e-09,-2.3283067e-09,0.95300555,1
1041700374,1041699457,-0.2939185,0.012286901,-0.010678524,0.95569193,-0.30295298,-3.2596295e-09,-2.3283067e-09,0.95300555,1
1041755466,1041754585,-0.29389906,0.012288939,-0.010693268,0.9556977,-0.30295298,-3.2596295e-09,-2.3283067e-09,0.95300555,1
1041800811,1041799739,-0.29388282,0.012291002,-0.010700354,0.9557026,-0.30295298,-3.2596295e-09,-2.3283067e-09,0.95300555,1
1041851245,1041849965,-0.29387987,0.012283032,-0.0106908,0.9557037,-0.30295298,-3.2596295e-09,-2.3283067e-09,0.95300555,1
1041905863,1041905034,-0.2938708,0.012282293,-0.010700742,0.95570636,-0.30295298,-3.2596295e-09,-2.3283067e-09,0.95300555,1
1041951770,1041950234,-0.29385376,0.012283909,-0.010701758,0.9557116,-0.30295298,-3.2596295e-09,-2.3283067e-09,0.95300555,1
1042001402,1042000323,-0.29385328,0.012278912,-0.010706483,0.9557118,-0.30295298,-3.2596295e-09,-2.3283067e-09,0.95300555,1
1042051430,1042050557,-0.29384112,0.012290209,-0.010709653,0.95571536,-0.30295298,-3.2596295e-09,-2.3283067e-09,0.95300555,1
1042101576,1042100665,-0.29383633,0.012298918,-0.010717488,0.9557166,-0.30295298,-3.2596295e-09,-2.3283067e-09,0.95300555,1
1042151792,1042150834,-0.2938423,0.012298026,-0.010713379,0.95571476,-0.30295298,-3.2596295e-09,-2.3283067e-09,0.95300555,1
1042202088,1042201020,-0.293841,0.012288343,-0.010718397,0.9557153,-0.30295298,-3.2596295e-09,-2.3283067e-09,0.95300555,1
1042252106,1042251193,-0.29383525,0.012289722,-0.010716266,0.95571697,-0.30295298,-3.2596295e-09,-2.3283067e-09,0.95300555,1
1042302133,1042301286,-0.29382843,0.012303639,-0.010725837,0.9557189,-0.30295298,-3.2596295e-09,-2.3283067e-09,0.95300555,1
1042352345,1042351392,-0.2938203,0.012300854,-0.010721636,0.9557214,-0.30295298,-3.2596295e-09,-2.3283067e-09,0.95300555,1
1042402434,1042401526,-0.29381558,0.012295208,-0.0107239755,0.95572287,-0.30295298,-3.2596295e-09,-2.3283067e-09,0.95300555,1
1042452517,1042451772,-0.2938123,0.012289886,-0.010739265,0.9557239,-0.30295298,-3.2596295e-09,-2.3283067e-09,0.95300555,1
1042502781,1042501969,-0.29380992,0.012278493,-0.0107289,0.95572484,-0.30295298,-3.2596295e-09,-2.3283067e-09,0.95300555,1
1042552720,1042551995,-0.29381,0.01227693,-0.010736179,0.9557247,-0.30295298,-3.2596295e-09,-2.3283067e-09,0.95300555,1
1042603018,1042602278,-0.2938099,0.012263105,-0.010748784,0.95572484,-0.30295298,-3.2596295e-09,-2.3283067e-09,0.95300555,1
1042652977,1042652225,-0.2938104,0.012262,-0.010748117,0.95572466,-0.30295298,-3.2596295e-09,-2.3283067e-09,0.95300555,1
1042703276,1042702493,-0.29382232,0.012262992,-0.010748526,0.95572096,-0.30295298,-3.2596295e-09,-2.3283067e-09,0.95300555,1
1042753395,1042752602,-0.2938226,0.012258808,-0.010743065,0.955721,-0.30295298,-3.2596295e-09,-2.3283067e-09,0.95300555,1
1042803619,1042802820,-0.2938179,0.012262465,-0.010740399,0.95572245,-0.30295298,-3.2596295e-09,-2.3283067e-09,0.95300555,1
1042853711,1042852993,-0.2938057,0.012272446,-0.010738736,0.9557261,-0.30295298,-3.2596295e-09,-2.3283067e-09,0.95300555,1
1042903807,1042903054,-0.29380798,0.012276934,-0.010740942,0.9557253,-0.30295298,-3.2596295e-09,-2.3283067e-09,0.95300555,1
1042954402,1042953309,-0.293818,0.012269678,-0.010737938,0.95572233,-0.30295298,-3.2596295e-09,-2.3283067e-09,0.95300555,1
1043004341,1043003418,-0.29381514,0.012273899,-0.010737143,0.95572317,-0.30295298,-3.2596295e-09,-2.3283067e-09,0.95300555,1
1043049405,1043048574,-0.29381153,0.012279088,-0.010740511,0.9557241,-0.30295298,-3.2596295e-09,-2.3283067e-09,0.95300555,1
1043099593,1043098731,-0.2938024,0.012277237,-0.010750121,0.95572686,-0.30295298,-3.2596295e-09,-2.3283067e-09,0.95300555,1
1043154800,1043153872,-0.2937892,0.01227882,-0.010744548,0.95573103,-0.30295298,-3.2596295e-09,-2.3283067e-09,0.95300555,1
1043200555,1043199025,-0.29378143,0.012273282,-0.01074946,0.9557335,-0.30295298,-3.2596295e-09,-2.3283067e-09,0.95300555,1
1043250108,1043249200,-0.29377216,0.012279852,-0.010752183,0.9557362,-0.30295298,-3.2596295e-09,-2.3283067e-09,0.95300555,1
1043305357,1043304317,-0.29376248,0.012273906,-0.010750746,0.95573926,-0.30295298,-3.2596295e-09,-2.3283067e-09,0.95300555,1
1043350317,1043349403,-0.293765,0.012269916,-0.010753895,0.9557384,-0.30295298,-3.2596295e-09,-2.3283067e-09,0.95300555,1
1043400447,1043399596,-0.29376584,0.012264387,-0.010750706,0.9557383,-0.30295298,-3.2596295e-09,-2.3283067e-09,0.95300555,1
1043451112,1043449774,-0.2937687,0.012274635,-0.0107606165,0.9557371,-0.30295298,-3.2596295e-09,-2.3283067e-09,0.95300555,1
1043500918,1043499925,-0.2937709,0.012279322,-0.010748179,0.9557365,-0.30295298,-3.2596295e-09,-2.3283067e-09,0.95300555,1
1043550937,1043550099,-0.2937702,0.0122836195,-0.010753865,0.95573664,-0.30295298,-3.2596295e-09,-2.3283067e-09,0.95300555,1
1043601187,1043600235,-0.29377827,0.012281309,-0.010756588,0.95573425,-0.30295298,-3.2596295e-09,-2.3283067e-09,0.95300555,1
1043651324,1043650361,-0.29378146,0.0122893145,-0.010762447,0.955733,-0.30295298,-3.2596295e-09,-2.3283067e-09,0.95300555,1
1043701496,1043700480,-0.29377356,0.012295709,-0.010763493,0.9557353,-0.30295298,-3.2596295e-09,-2.3283067e-09,0.95300555,1
1043751357,1043750572,-0.29377183,0.0122961225,-0.010749575,0.95573604,-0.30295298,-3.2596295e-09,-2.3283067e-09,0.95300555,1
1043801450,1043800715,-0.29377505,0.012304819,-0.010767431,0.9557347,-0.30295298,-3.2596295e-09,-2.3283067e-09,0.95300555,1
1043851676,1043850955,-0.29376274,0.01232403,-0.010769151,0.95573837,-0.30295298,-3.2596295e-09,-2.3283067e-09,0.95300555,1
1043901857,1043901120,-0.2937586,0.012330455,-0.010777915,0.9557393,-0.30295298,-3.2596295e-09,-2.3283067e-09,0.95300555,1
1043952115,1043951283,-0.2937531,0.012349996,-0.010789338,0.95574063,-0.30295298,-3.2596295e-09,-2.3283067e-09,0.95300555,1
1044002127,1044001366,-0.29375377,0.01233685,-0.010769582,0.95574087,-0.30295298,-3.2596295e-09,-2.3283067e-09,0.95300555,1
1044052284,1044051568,-0.2937563,0.012341797,-0.0107701095,0.95574003,-0.30295298,-3.2596295e-09,-2.3283067e-09,0.95300555,1
1044102543,1044101798,-0.29375923,0.012358061,-0.01081245,0.9557385,-0.30295298,-3.2596295e-09,-2.3283067e-09,0.95300555,1
1044152513,1044151785,-0.2937526,0.012369509,-0.010796349,0.95574045,-0.30295298,-3.2596295e-09,-2.3283067e-09,0.95300555,1
1044202701,1044201942,-0.29373696,0.012368101,-0.010812731,0.9557452,-0.30295298,-3.2596295e-09,-2.3283067e-09,0.95300555,1
1044253104,1044252214,-0.29373312,0.012374894,-0.010831706,0.95574605,-0.30295298,-3.2596295e-09,-2.3283067e-09,0.95300555,1
1044303351,1044302334,-0.29374057,0.012377027,-0.010801346,0.955744,-0.30295298,-3.2596295e-09,-2.3283067e-09,0.95300555,1
1044353457,1044352514,-0.29374495,0.012374897,-0.010830127,0.9557424,-0.30295298,-3.2596295e-09,-2.3283067e-09,0.95300555,1
1044403628,1044402620,-0.29375073,0.012369104,-0.010821318,0.95574075,-0.30295298,-3.2596295e-09,-2.3283067e-09,0.95300555,1
1044454342,1044452809,-0.29373506,0.0123746,-0.0109057855,0.95574456,-0.30295298,-3.2596295e-09,-2.3283067e-09,0.95300555,1
1044498804,1044497927,-0.29373395,0.012384232,-0.010744828,0.95574665,-0.30295298,-3.2596295e-09,-2.3283067e-09,0.95300555,1
1044554165,1044553194,-0.2937287,0.012335489,-0.010815547,0.9557481,-0.30295298,-3.2596295e-09,-2.3283067e-09,0.95300555,1
1044604231,1044603298,-0.29372746,0.012339356,-0.010732505,0.9557494,-0.30295298,-3.2596295e-09,-2.3283067e-09,0.95300555,1
1044649342,1044648409,-0.29372224,0.012317573,-0.010814331,0.95575035,-0.30295298,-3.2596295e-09,-2.3283067e-09,0.95300555,1
1044704478,1044703512,-0.29371712,0.012309794,-0.010802693,0.9557521,-0.30295298,-3.2596295e-09,-2.3283067e-09,0.95300555,1
1044754857,1044753746,-0.29371697,0.012330934,-0.010747215,0.95575255,-0.30295298,-3.2596295e-09,-2.3283067e-09,0.95300555,1
1044799812,1044798869,-0.2937191,0.012340496,-0.010802968,0.9557511,-0.30295298,-3.2596295e-09,-2.3283067e-09,0.95300555,1
1044850128,1044849075,-0.29371595,0.012340919,-0.010705296,0.95575315,-0.30295298,-3.2596295e-09,-2.3283067e-09,0.95300555,1
1044905120,1044904157,-0.29370245,0.01234348,-0.010765023,0.95575655,-0.30295298,-3.2596295e-09,-2.3283067e-09,0.95300555,1
1044950284,1044949384,-0.29369503,0.012322715,-0.010755262,0.9557592,-0.30295298,-3.2596295e-09,-2.3283067e-09,0.95300555,1
1045000086,1044999326,-0.29367745,0.012324936,-0.0108024515,0.9557641,-0.30295298,-3.2596295e-09,-2.3283067e-09,0.95300555,1
1045055380,1045054650,-0.29366046,0.0123187145,-0.010812511,0.95576924,-0.30295298,-3.2596295e-09,-2.3283067e-09,0.95300555,1
1045100545,1045099785,-0.29365116,0.012329447,-0.010759169,0.95577264,-0.30295298,-3.2596295e-09,-2.3283067e-09,0.95300555,1
1045150813,1045149935,-0.29364678,0.012336789,-0.010793307,0.95577353,-0.30295298,-3.2596295e-09,-2.3283067e-09,0.95300555,1
1045200937,1045200128,-0.29365456,0.01231579,-0.010845507,0.9557708,-0.30295298,-3.2596295e-09,-2.3283067e-09,0.95300555,1
1045251000,1045250228,-0.29365084,0.012309949,-0.0107735,0.95577276,-0.30295298,-3.2596295e-09,-2.3283067e-09,0.95300555,1
1045301126,1045300403,-0.2936481,0.012314047,-0.0108231045,0.95577306,-0.30295298,-3.2596295e-09,-2.3283067e-09,0.95300555,1
1045351354,1045350569,-0.29364055,0.012314818,-0.010830951,0.9557752,-0.30295298,-3.2596295e-09,-2.3283067e-09,0.95300555,1
1045406303,1045405571,-0.29363957,0.012316613,-0.010786699,0.95577604,-0.30295298,-3.2596295e-09,-2.3283067e-09,0.95300555,1
1045451537,1045450803,-0.29362604,0.012313882,-0.010807728,0.95578,-0.30295298,-3.2596295e-09,-2.3283067e-09,0.95300555,1
1045500297,1045498989,-0.29363468,0.012321375,-0.010771621,0.95577765,-0.30295298,-3.2596295e-09,-2.3283067e-09,0.95300555,1
1045550079,1045549143,-0.2936453,0.012329088,-0.0106961485,0.9557751,-0.30295298,-3.2596295e-09,-2.3283067e-09,0.95300555,1
1045605166,1045604305,-0.29365554,0.012323609,-0.010741928,0.9557715,-0.30295298,-3.2596295e-09,-2.3283067e-09,0.95300555,1
1045650441,1045649455,-0.29366264,0.012316238,-0.010703384,0.95576996,-0.30295298,-3.2596295e-09,-2.3283067e-09,0.95300555,1
1045700513,1045699558,-0.293673,0.0123242615,-0.010722156,0.9557663,-0.30295298,-3.2596295e-09,-2.3283067e-09,0.95300555,1
1045755786,1045754811,-0.29367548,0.012338151,-0.010754866,0.95576507,-0.30295298,-3.2596295e-09,-2.3283067e-09,0.95300555,1
1045800893,1045799893,-0.29366702,0.012326359,-0.010766229,0.95576775,-0.30295298,-3.2596295e-09,-2.3283067e-09,0.95300555,1
1045851009,1045850045,-0.29365236,0.012338414,-0.01075456,0.95577216,-0.30295298,-3.2596295e-09,-2.3283067e-09,0.95300555,1
1045901191,1045900221,-0.29365268,0.012325176,-0.010725997,0.9557726,-0.30295298,-3.2596295e-09,-2.3283067e-09,0.95300555,1
1045951220,1045950322,-0.29364753,0.012330856,-0.010747964,0.9557739,-0.30295298,-3.2596295e-09,-2.3283067e-09,0.95300555,1
1046001465,1046000507,-0.29364446,0.012342357,-0.010758819,0.9557745,-0.30295298,-3.2596295e-09,-2.3283067e-09,0.95300555,1
1046051618,1046050675,-0.29364592,0.012336694,-0.010839274,0.95577323,-0.30295298,-3.2596295e-09,-2.3283067e-09,0.95300555,1
1046101700,1046100859,-0.2936396,0.012331788,-0.01076461,0.9557761,-0.30295298,-3.2596295e-09,-2.3283067e-09,0.95300555,1
1046151756,1046150923,-0.29363322,0.0123455385,-0.010772529,0.95577776,-0.30295298,-3.2596295e-09,-2.3283067e-09,0.95300555,1
1046202095,1046201133,-0.29362512,0.012332145,-0.010854244,0.9557795,-0.30295298,-3.2596295e-09,-2.3283067e-09,0.95300555,1
1046251946,1046251202,-0.29361385,0.012326448,-0.010719574,0.9557846,-0.30295298,-3.2596295e-09,-2.3283067e-09,0.95300555,1
1046302126,1046301400,-0.29361057,0.012330654,-0.010805062,0.9557845,-0.30295298,-3.2596295e-09,-2.3283067e-09,0.95300555,1
1046352386,1046351586,-0.29360336,0.012332438,-0.010810326,0.95578665,-0.30295298,-3.2596295e-09,-2.3283067e-09,0.95300555,1
1046402449,1046401714,-0.2936084,0.012325985,-0.010772577,0.9557856,-0.30295298,-3.2596295e-09,-2.3283067e-09,0.95300555,1
1046452579,1046451820,-0.2936126,0.0123223,-0.010836296,0.9557837,-0.30295298,-3.2596295e-09,-2.3283067e-09,0.95300555,1
1046502817,1046502011,-0.29361045,0.012324498,-0.010803473,0.95578474,-0.30295298,-3.2596295e-09,-2.3283067e-09,0.95300555,1
1046552981,1046552236,-0.2936011,0.012328886,-0.010802303,0.95578754,-0.30295298,-3.2596295e-09,-2.3283067e-09,0.95300555,1
1046603068,1046602297,-0.29359576,0.012328387,-0.010827401,0.9557889,-0.30295298,-3.2596295e-09,-2.3283067e-09,0.95300555,1
1046653304,1046652525,-0.29359362,0.012346662,-0.010801989,0.95578957,-0.30295298,-3.2596295e-09,-2.3283067e-09,0.95300555,1
1046703343,1046702603,-0.29357448,0.012359896,-0.010832177,0.955795,-0.30295298,-3.2596295e-09,-2.3283067e-09,0.95300555,1
1046753659,1046752811,-0.29358,0.012358025,-0.010821891,0.9557934,-0.30295298,-3.2596295e-09,-2.3283067e-09,0.95300555,1
1046803971,1046802984,-0.29357958,0.01237097,-0.010829701,0.95579326,-0.30295298,-3.2596295e-09,-2.3283067e-09,0.95300555,1
1046854257,1046853157,-0.29357526,0.0123703815,-0.010825021,0.9557947,-0.30295298,-3.2596295e-09,-2.3283067e-09,0.95300555,1
1046904130,1046903213,-0.29357812,0.012364493,-0.010842534,0.9557936,-0.30295298,-3.2596295e-09,-2.3283067e-09,0.95300555,1
1046949239,1046948399,-0.29357955,0.012358409,-0.010841485,0.9557933,-0.30295298,-3.2596295e-09,-2.3283067e-09,0.95300555,1
1047004559,1047003571,-0.29355678,0.012362001,-0.010852591,0.9558001,-0.30295298,-3.2596295e-09,-2.3283067e-09,0.95300555,1
1047054527,1047053659,-0.2935386,0.012371446,-0.010845399,0.9558057,-0.30295298,-3.2596295e-09,-2.3283067e-09,0.95300555,1
1047099949,1047098814,-0.2935357,0.012372801,-0.010845674,0.9558065,-0.30295298,-3.2596295e-09,-2.3283067e-09,0.95300555,1
1047154978,1047154063,-0.29352278,0.0123607395,-0.010830568,0.95581084,-0.30295298,-3.2596295e-09,-2.3283067e-09,0.95300555,1
1047205048,1047204211,-0.29352438,0.012351518,-0.010822072,0.9558105,-0.30295298,-3.2596295e-09,-2.3283067e-09,0.95300555,1
1047250263,1047249321,-0.29352552,0.012353942,-0.010813419,0.95581025,-0.30295298,-3.2596295e-09,-2.3283067e-09,0.95300555,1
1047300304,1047299402,-0.2935195,0.01235073,-0.01077054,0.95581263,-0.30295298,-3.2596295e-09,-2.3283067e-09,0.95300555,1
1047355466,1047354669,-0.2935282,0.012348309,-0.010789362,0.95580983,-0.30295298,-3.2596295e-09,-2.3283067e-09,0.95300555,1
1047400539,1047399687,-0.29352507,0.012338486,-0.010814984,0.95581055,-0.30295298,-3.2596295e-09,-2.3283067e-09,0.95300555,1
1047450843,1047449848,-0.2935272,0.012336028,-0.010771119,0.9558105,-0.30295298,-3.2596295e-09,-2.3283067e-09,0.95300555,1
1047505754,1047505052,-0.2935145,0.0123290345,-0.010762113,0.95581454,-0.30295298,-3.2596295e-09,-2.3283067e-09,0.95300555,1
1047550912,1047550142,-0.2935153,0.012320455,-0.0107641155,0.9558144,-0.30295298,-3.2596295e-09,-2.3283067e-09,0.95300555,1
1047601204,1047600423,-0.2935043,0.012311712,-0.010733092,0.9558182,-0.30295298,-3.2596295e-09,-2.3283067e-09,0.95300555,1
1047651122,1047650408,-0.2935022,0.012298097,-0.010779306,0.9558186,-0.30295298,-3.2596295e-09,-2.3283067e-09,0.95300555,1
1047701389,1047700675,-0.2934938,0.012295346,-0.010755189,0.9558214,-0.30295298,-3.2596295e-09,-2.3283067e-09,0.95300555,1
1047751512,1047750743,-0.29349375,0.012296542,-0.010743212,0.9558215,-0.30295298,-3.2596295e-09,-2.3283067e-09,0.95300555,1
1047801743,1047800979,-0.29346845,0.012310136,-0.01075071,0.955829,-0.30295298,-3.2596295e-09,-2.3283067e-09,0.95300555,1
1047851728,1047850969,-0.29346386,0.012299334,-0.010729258,0.9558309,-0.30295298,-3.2596295e-09,-2.3283067e-09,0.95300555,1
1047902143,1047901301,-0.29344705,0.012286338,-0.0107283015,0.9558362,-0.30295298,-3.2596295e-09,-2.3283067e-09,0.95300555,1
1047952238,1047951415,-0.29342926,0.012294412,-0.010733106,0.95584154,-0.30295298,-3.2596295e-09,-2.3283067e-09,0.95300555,1
1048002422,1048001575,-0.2934136,0.012312546,-0.010736839,0.955846,-0.30295298,-3.2596295e-09,-2.3283067e-09,0.95300555,1
1048052605,1048051746,-0.29340556,0.012295433,-0.010742204,0.9558487,-0.30295298,-3.2596295e-09,-2.3283067e-09,0.95300555,1
1048102849,1048101896,-0.29339883,0.012301947,-0.010745193,0.95585054,-0.30295298,-3.2596295e-09,-2.3283067e-09,0.95300555,1
1048152872,1048151989,-0.29340494,0.012309197,-0.01074535,0.95584863,-0.30295298,-3.2596295e-09,-2.3283067e-09,0.95300555,1
1048203048,1048202125,-0.29340675,0.012303895,-0.01074589,0.95584816,-0.30295298,-3.2596295e-09,-2.3283067e-09,0.95300555,1
1048253829,1048251927,-0.29341432,0.012288578,-0.010738996,0.9558461,-0.30295298,-3.2596295e-09,-2.3283067e-09,0.95300555,1
1048302983,1048302095,-0.29341063,0.012308875,-0.010752271,0.95584685,-0.30295298,-3.2596295e-09,-2.3283067e-09,0.95300555,1
1048353155,1048352301,-0.2934216,0.012325729,-0.0107536875,0.95584327,-0.30295298,-3.2596295e-09,-2.3283067e-09,0.95300555,1
1048403586,1048402413,-0.2934271,0.012325216,-0.01074455,0.95584166,-0.30295298,-3.2596295e-09,-2.3283067e-09,0.95300555,1
1048453646,1048452654,-0.29342794,0.012340848,-0.0107622165,0.955841,-0.30295298,-3.2596295e-09,-2.3283067e-09,0.95300555,1
1048503655,1048502693,-0.29342902,0.012351658,-0.01076872,0.9558404,-0.30295298,-3.2596295e-09,-2.3283067e-09,0.95300555,1
1048553971,1048553025,-0.29342133,0.012360743,-0.010776324,0.9558426,-0.30295298,-3.2596295e-09,-2.3283067e-09,0.95300555,1
1048603990,1048603088,-0.29341143,0.012361811,-0.010772714,0.95584565,-0.30295298,-3.2596295e-09,-2.3283067e-09,0.95300555,1
1048654089,1048653232,-0.2933953,0.012362187,-0.010772831,0.9558506,-0.30295298,-3.2596295e-09,-2.3283067e-09,0.95300555,1
1048699264,1048698277,-0.29337788,0.012357924,-0.010783026,0.9558559,-0.30295298,-3.2596295e-09,-2.3283067e-09,0.95300555,1
1048754165,1048753469,-0.2933539,0.012373418,-0.010794596,0.95586294,-0.30295298,-3.2596295e-09,-2.3283067e-09,0.95300555,1
1048804342,1048803629,-0.29332948,0.012372825,-0.010791402,0.9558705,-0.30295298,-3.2596295e-09,-2.3283067e-09,0.95300555,1
1048849417,1048848693,-0.2933061,0.01237495,-0.01079728,0.95587754,-0.30295298,-3.2596295e-09,-2.3283067e-09,0.95300555,1
1048904556,1048903837,-0.29327503,0.012365586,-0.010796331,0.95588726,-0.30295298,-3.2596295e-09,-2.3283067e-09,0.95300555,1
1048954671,1048953958,-0.2932611,0.012356383,-0.010785015,0.95589167,-0.30295298,-3.2596295e-09,-2.3283067e-09,0.95300555,1
1048999969,1048999220,-0.29325047,0.012349243,-0.010792155,0.95589495,-0.30295298,-3.2596295e-09,-2.3283067e-09,0.95300555,1
1049050147,1049049332,-0.29324365,0.012340692,-0.010795085,0.9558971,-0.30295298,-3.2596295e-09,-2.3283067e-09,0.95300555,1
1049105280,1049104572,-0.2932275,0.012345003,-0.010806599,0.95590186,-0.30295298,-3.2596295e-09,-2.3283067e-09,0.95300555,1
1049150378,1049149650,-0.2932113,0.012343836,-0.010801246,0.955907,-0.30295298,-3.2596295e-09,-2.3283067e-09,0.95300555,1
1049200459,1049199688,-0.2932054,0.012331332,-0.010809049,0.95590895,-0.30295298,-3.2596295e-09,-2.3283067e-09,0.95300555,1
1049255856,1049255010,-0.29320452,0.0123088695,-0.010816714,0.9559093,-0.30295298,-3.2596295e-09,-2.3283067e-09,0.95300555,1
1049301061,1049300118,-0.29320225,0.012304616,-0.0108055845,0.9559102,-0.30295298,-3.2596295e-09,-2.3283067e-09,0.95300555,1
1049351255,1049350316,-0.29318753,0.012312653,-0.010811771,0.9559146,-0.30295298,-3.2596295e-09,-2.3283067e-09,0.95300555,1
1049401453,1049400425,-0.2931735,0.012310906,-0.010814856,0.9559189,-0.30295298,-3.2596295e-09,-2.3283067e-09,0.95300555,1
1049451638,1049450659,-0.2931649,0.012314432,-0.010808427,0.95592153,-0.30295298,-3.2596295e-09,-2.3283067e-09,0.95300555,1
